recommendation,score,reason,draft_a_id,draft_a_title,draft_a_handle,draft_a_updated_at,draft_b_id,draft_b_title,draft_b_handle,draft_b_updated_at,title_similarity,handle_similarity,body_similarity
KEEP,0.716,low similarity,1005207716188,Hoverboard Gift Guide for Kids UK 2026,hoverboard-gift-guide-for-kids-uk-2026,2026-05-16T19:18:30+01:00,1005197099356,Hoverboard Storage Tips: Complete Guide for UK Riders 2026,hoverboard-storage-tips-uk-2026,2026-05-16T00:22:41+01:00,0.716,0.696,0.008
KEEP,0.661,low similarity,1005212402012,Hoverboard Accessories Checklist for New Riders UK 2026,hoverboard-accessories-checklist-for-new-riders-uk-2026,2026-05-17T00:50:03+01:00,1005197099356,Hoverboard Storage Tips: Complete Guide for UK Riders 2026,hoverboard-storage-tips-uk-2026,2026-05-16T00:22:41+01:00,0.661,0.558,0.008
KEEP,0.61,low similarity,1005197099356,Hoverboard Storage Tips: Complete Guide for UK Riders 2026,hoverboard-storage-tips-uk-2026,2026-05-16T00:22:41+01:00,1004572016988,Hoverkart vs Go Kart UK: Which is Right for You in 2026?,hoverkart-vs-go-kart-uk-2026,2026-04-03T13:36:02+01:00,0.45,0.61,0.017
KEEP,0.606,low similarity,1005207716188,Hoverboard Gift Guide for Kids UK 2026,hoverboard-gift-guide-for-kids-uk-2026,2026-05-16T19:18:30+01:00,1004572016988,Hoverkart vs Go Kart UK: Which is Right for You in 2026?,hoverkart-vs-go-kart-uk-2026,2026-04-03T13:36:02+01:00,0.5,0.606,0.017
KEEP,0.602,low similarity,1005212402012,Hoverboard Accessories Checklist for New Riders UK 2026,hoverboard-accessories-checklist-for-new-riders-uk-2026,2026-05-17T00:50:03+01:00,1005207716188,Hoverboard Gift Guide for Kids UK 2026,hoverboard-gift-guide-for-kids-uk-2026,2026-05-16T19:18:30+01:00,0.602,0.602,0.02
KEEP,0.575,low similarity,1005207716188,Hoverboard Gift Guide for Kids UK 2026,hoverboard-gift-guide-for-kids-uk-2026,2026-05-16T19:18:30+01:00,1004450578780,Best Hoverboard Wheel Size Guide UK 2026 - Complete Comparison,best-hoverboard-wheel-size-guide-uk,2026-03-16T15:57:00+00:00,0.52,0.575,0.011
KEEP,0.554,low similarity,1005216760156,How to Choose a Hoverkart for a Child UK 2026,how-to-choose-a-hoverkart-for-a-child-uk-2026,2026-05-17T14:17:50+01:00,1005207716188,Hoverboard Gift Guide for Kids UK 2026,hoverboard-gift-guide-for-kids-uk-2026,2026-05-16T19:18:30+01:00,0.554,0.554,0.017
KEEP,0.548,low similarity,1005216760156,How to Choose a Hoverkart for a Child UK 2026,how-to-choose-a-hoverkart-for-a-child-uk-2026,2026-05-17T14:17:50+01:00,1004572016988,Hoverkart vs Go Kart UK: Which is Right for You in 2026?,hoverkart-vs-go-kart-uk-2026,2026-04-03T13:36:02+01:00,0.424,0.548,0.028
KEEP,0.545,low similarity,1005197099356,Hoverboard Storage Tips: Complete Guide for UK Riders 2026,hoverboard-storage-tips-uk-2026,2026-05-16T00:22:41+01:00,1004450578780,Best Hoverboard Wheel Size Guide UK 2026 - Complete Comparison,best-hoverboard-wheel-size-guide-uk,2026-03-16T15:57:00+00:00,0.487,0.545,0.016
KEEP,0.526,low similarity,1005216760156,How to Choose a Hoverkart for a Child UK 2026,how-to-choose-a-hoverkart-for-a-child-uk-2026,2026-05-17T14:17:50+01:00,1005197099356,Hoverboard Storage Tips: Complete Guide for UK Riders 2026,hoverboard-storage-tips-uk-2026,2026-05-16T00:22:41+01:00,0.392,0.526,0.006
KEEP,0.5,low similarity,1005331579228,Birthday Gift Ideas for Kids Who Like Ride-On Toys | Hoverboard Store,birthday-gift-ideas-for-kids-who-like-ride-on-toys-hoverboard-store,2026-05-26T20:00:59+01:00,1005320012124,Beginner Hoverboards: What First-Time Buyers Should Check | Hoverboard Store,beginner-hoverboards-what-first-time-buyers-should-check-hoverboard-store,2026-05-25T15:09:28+01:00,0.5,0.5,0.017
KEEP,0.489,low similarity,1005212402012,Hoverboard Accessories Checklist for New Riders UK 2026,hoverboard-accessories-checklist-for-new-riders-uk-2026,2026-05-17T00:50:03+01:00,1004450578780,Best Hoverboard Wheel Size Guide UK 2026 - Complete Comparison,best-hoverboard-wheel-size-guide-uk,2026-03-16T15:57:00+00:00,0.462,0.489,0.01
KEEP,0.482,low similarity,1005212402012,Hoverboard Accessories Checklist for New Riders UK 2026,hoverboard-accessories-checklist-for-new-riders-uk-2026,2026-05-17T00:50:03+01:00,1004572016988,Hoverkart vs Go Kart UK: Which is Right for You in 2026?,hoverkart-vs-go-kart-uk-2026,2026-04-03T13:36:02+01:00,0.477,0.482,0.012
KEEP,0.48,low similarity,1005216760156,How to Choose a Hoverkart for a Child UK 2026,how-to-choose-a-hoverkart-for-a-child-uk-2026,2026-05-17T14:17:50+01:00,1005212402012,Hoverboard Accessories Checklist for New Riders UK 2026,hoverboard-accessories-checklist-for-new-riders-uk-2026,2026-05-17T00:50:03+01:00,0.48,0.48,0.016
