recommendation,score,reason,draft_id,draft_title,draft_handle,draft_updated_at,live_id,live_title,live_handle,live_published_at,title_similarity,handle_similarity,body_similarity
KEEP,0.724,low similarity,1004572016988,Hoverkart vs Go Kart UK: Which is Right for You in 2026?,hoverkart-vs-go-kart-uk-2026,2026-04-03T13:36:02+01:00,1004539609436,Hoverkart Safety Guide UK 2026 — Everything You Need to Ride Safely,hoverkart-safety-guide-uk-2026,2026-03-24T23:22:33+00:00,0.454,0.724,0.012
KEEP,0.706,low similarity,1005207716188,Hoverboard Gift Guide for Kids UK 2026,hoverboard-gift-guide-for-kids-uk-2026,2026-05-16T19:18:30+01:00,1004539609436,Hoverkart Safety Guide UK 2026 — Everything You Need to Ride Safely,hoverkart-safety-guide-uk-2026,2026-03-24T23:22:33+00:00,0.466,0.706,0.008
KEEP,0.698,low similarity,1004450578780,Best Hoverboard Wheel Size Guide UK 2026 - Complete Comparison,best-hoverboard-wheel-size-guide-uk,2026-03-16T15:57:00+00:00,1004479250780,Hoverboard vs Electric Scooter UK 2026 – Complete Comparison Guide,hoverboard-vs-electric-scooter-uk-2026-complete-comparison-guide-1,2026-03-25T00:00:13+00:00,0.698,0.455,0.031
KEEP,0.656,low similarity,1005197099356,Hoverboard Storage Tips: Complete Guide for UK Riders 2026,hoverboard-storage-tips-uk-2026,2026-05-16T00:22:41+01:00,1004539609436,Hoverkart Safety Guide UK 2026 — Everything You Need to Ride Safely,hoverkart-safety-guide-uk-2026,2026-03-24T23:22:33+00:00,0.443,0.656,0.008
KEEP,0.587,low similarity,1005216760156,How to Choose a Hoverkart for a Child UK 2026,how-to-choose-a-hoverkart-for-a-child-uk-2026,2026-05-17T14:17:50+01:00,1004539609436,Hoverkart Safety Guide UK 2026 — Everything You Need to Ride Safely,hoverkart-safety-guide-uk-2026,2026-03-24T23:22:33+00:00,0.4,0.587,0.007
KEEP,0.577,low similarity,1005212402012,Hoverboard Accessories Checklist for New Riders UK 2026,hoverboard-accessories-checklist-for-new-riders-uk-2026,2026-05-17T00:50:03+01:00,1003866784092,"Hoverboard Safety Guide: Tips, Laws & Best Practices UK 2026",hoverboard-safety-guide-tips-laws-best-practices-uk-2026,2026-02-28T14:45:54+00:00,0.577,0.577,0.014
KEEP,0.541,low similarity,1005320012124,Beginner Hoverboards: What First-Time Buyers Should Check | Hoverboard Store,beginner-hoverboards-what-first-time-buyers-should-check-hoverboard-store,2026-05-25T15:09:28+01:00,1005364969820,How to Clean a Hoverboard Safely | Hoverboard Store,how-to-clean-a-hoverboard-safely-hoverboard-store,2026-05-30T09:40:29+01:00,0.541,0.541,0.009
KEEP,0.463,low similarity,1005216432476,Hoverboard Not Charging: Common Causes and Safe Checks,hoverboard-not-charging-common-causes-and-safe-checks,2026-05-17T16:37:20+01:00,1004178440540,Hoverboard Weight Limits Explained: Everything UK Buyers Need to Know,hoverboard-weight-limits-explained-uk,2026-03-11T15:56:49+00:00,0.463,0.444,0.012
KEEP,0.447,low similarity,1005331579228,Birthday Gift Ideas for Kids Who Like Ride-On Toys | Hoverboard Store,birthday-gift-ideas-for-kids-who-like-ride-on-toys-hoverboard-store,2026-05-26T20:00:59+01:00,1004026167644,How to Ride a Hoverboard for the First Time: Complete Beginner's Guide UK,how-to-ride-hoverboard-first-time-uk,2026-03-07T23:45:35+00:00,0.374,0.447,0.013
